{
    "easycom": {
    	"^z-(.*)": "@zebra-ui/swiper/components/z-$1/z-$1.vue"
    },
	"pages": [{
		"path": "pages/login/login",
		"style": {
			"navigationBarBackgroundColor": "#82A39D",
			"navigationBarTextStyle": "white",
			"navigationBarTitleText": "登录"
		}
	}, {
		"path": "pages/register/register",
		"style": {
			"navigationBarBackgroundColor": "#82A39D",
			"navigationBarTextStyle": "white",
			"navigationBarTitleText": "注册"
		}
	}, {
		"path": "pages/forget/forget",
		"style": {
			"navigationBarBackgroundColor": "#82A39D",
			"navigationBarTextStyle": "white",
			"navigationBarTitleText": "忘记密码"
		}
	}, {
		"path": "pages/center/center",
		"style": {
			"navigationBarBackgroundColor": "#82A39D",
			"navigationBarTextStyle": "white",
			"navigationBarTitleText": "我的"
		}
	}, {
		"path": "pages/user-info/user-info",
		"style": {
			"navigationBarBackgroundColor": "#82A39D",
			"navigationBarTextStyle": "white",
			"navigationBarTitleText": "用户信息"
		}
	}
	, {
		"path": "pages/news-detail/news-detail",
		"style": {
			"navigationBarBackgroundColor": "#82A39D",
			"navigationBarTextStyle": "white",
			"navigationBarTitleText": "资讯详情"
		}
	}
	,{
		"path": "pages/yonghu/list",
		"style": {
			"navigationBarBackgroundColor": "#82A39D",
			"navigationBarTextStyle": "white"
		}
	},{
		"path": "pages/yonghu/add-or-update",
		"style": {
			"navigationBarBackgroundColor": "#82A39D",
			"navigationBarTextStyle": "white"
		}
	},{
		"path": "pages/yonghu/detail",
		"style": {
			"navigationBarBackgroundColor": "#82A39D",
			"navigationBarTextStyle": "white"
		}
	}
	,{
		"path": "pages/fabuzhe/list",
		"style": {
			"navigationBarBackgroundColor": "#82A39D",
			"navigationBarTextStyle": "white"
		}
	},{
		"path": "pages/fabuzhe/add-or-update",
		"style": {
			"navigationBarBackgroundColor": "#82A39D",
			"navigationBarTextStyle": "white"
		}
	},{
		"path": "pages/fabuzhe/detail",
		"style": {
			"navigationBarBackgroundColor": "#82A39D",
			"navigationBarTextStyle": "white"
		}
	}
	,{
		"path": "pages/renwuxinxi/list",
		"style": {
			"navigationBarBackgroundColor": "#82A39D",
			"navigationBarTextStyle": "white"
		}
	},{
		"path": "pages/renwuxinxi/add-or-update",
		"style": {
			"navigationBarBackgroundColor": "#82A39D",
			"navigationBarTextStyle": "white"
		}
	},{
		"path": "pages/renwuxinxi/detail",
		"style": {
			"navigationBarBackgroundColor": "#82A39D",
			"navigationBarTextStyle": "white"
		}
	}
	,{
		"path": "pages/renwujiequ/list",
		"style": {
			"navigationBarBackgroundColor": "#82A39D",
			"navigationBarTextStyle": "white"
		}
	},{
		"path": "pages/renwujiequ/add-or-update",
		"style": {
			"navigationBarBackgroundColor": "#82A39D",
			"navigationBarTextStyle": "white"
		}
	},{
		"path": "pages/renwujiequ/detail",
		"style": {
			"navigationBarBackgroundColor": "#82A39D",
			"navigationBarTextStyle": "white"
		}
	}
	,{
		"path": "pages/wanchengjieguo/list",
		"style": {
			"navigationBarBackgroundColor": "#82A39D",
			"navigationBarTextStyle": "white"
		}
	},{
		"path": "pages/wanchengjieguo/add-or-update",
		"style": {
			"navigationBarBackgroundColor": "#82A39D",
			"navigationBarTextStyle": "white"
		}
	},{
		"path": "pages/wanchengjieguo/detail",
		"style": {
			"navigationBarBackgroundColor": "#82A39D",
			"navigationBarTextStyle": "white"
		}
	}
	,{
		"path": "pages/renwuleixing/list",
		"style": {
			"navigationBarBackgroundColor": "#82A39D",
			"navigationBarTextStyle": "white"
		}
	},{
		"path": "pages/renwuleixing/add-or-update",
		"style": {
			"navigationBarBackgroundColor": "#82A39D",
			"navigationBarTextStyle": "white"
		}
	},{
		"path": "pages/renwuleixing/detail",
		"style": {
			"navigationBarBackgroundColor": "#82A39D",
			"navigationBarTextStyle": "white"
		}
	}
	,{
		"path": "pages/storeup/list",
		"style": {
			"navigationBarBackgroundColor": "#82A39D",
			"navigationBarTextStyle": "white"
		}
	},{
		"path": "pages/storeup/add-or-update",
		"style": {
			"navigationBarBackgroundColor": "#82A39D",
			"navigationBarTextStyle": "white"
		}
	},{
		"path": "pages/storeup/detail",
		"style": {
			"navigationBarBackgroundColor": "#82A39D",
			"navigationBarTextStyle": "white"
		}
	}
	,{
		"path": "pages/news/list",
		"style": {
			"navigationBarBackgroundColor": "#82A39D",
			"navigationBarTextStyle": "white"
		}
	},{
		"path": "pages/news/add-or-update",
		"style": {
			"navigationBarBackgroundColor": "#82A39D",
			"navigationBarTextStyle": "white"
		}
	},{
		"path": "pages/news/detail",
		"style": {
			"navigationBarBackgroundColor": "#82A39D",
			"navigationBarTextStyle": "white"
		}
	}
	,{
		"path": "pages/discussrenwuxinxi/list",
		"style": {
			"navigationBarBackgroundColor": "#82A39D",
			"navigationBarTextStyle": "white"
		}
	},{
		"path": "pages/discussrenwuxinxi/add-or-update",
		"style": {
			"navigationBarBackgroundColor": "#82A39D",
			"navigationBarTextStyle": "white"
		}
	},{
		"path": "pages/discussrenwuxinxi/detail",
		"style": {
			"navigationBarBackgroundColor": "#82A39D",
			"navigationBarTextStyle": "white"
		}
	}
    , {
        "path": "pages/map/index",
        "style": {
            "navigationBarBackgroundColor": "#82A39D",
            "navigationBarTextStyle": "white",
            "navigationBarTitleText": "地图"
        }
    }
	, {
		"path": "pages/index/index",
		"style": {
			"navigationBarBackgroundColor": "#82A39D",
			"navigationBarTextStyle": "white",
			"navigationBarTitleText": "首页"
		}
	}
	],
	"globalStyle": {
		"navigationBarTextStyle": "black",
		"navigationBarTitleText": "基于移动群智感知城市轨道交通激励APP",
		"navigationBarBackgroundColor": "#F8F8F8",
		"backgroundColor": "#F8F8F8"
	},
	"tabBar": {
		"color": "#000000",
		"selectedColor": "#82A39D",
		"borderStyle": "white",
		"backgroundColor": "#FFFFFF",
		"list": [{
				"pagePath": "pages/index/index",
				"iconPath": "static/tabs/index.png",
				"selectedIconPath": "static/tabs/index1.png",
				"text": "首页"
			}
			






            , {
                "pagePath": "pages/map/index",
                "iconPath": "/static/tabs/map.png",
                "selectedIconPath": "/static/tabs/map_act.png",
                "text": "地图"
            }

			,{
				"pagePath": "pages/center/center",
				"iconPath": "static/tabs/mine.png",
				"selectedIconPath": "static/tabs/mine1.png",
				"text": "我的"
			}
		]
	}
}
